"No.","Time","Source","Destination","Protocol","Source port","Length","TCP Flags","Dst Port","Stream ID","Delta Time","Info"
"1","0.000000","VMware_72:69:7d","VMware_c0:00:02","ARP","","60","","","","","Who has 192.168.48.1? Tell 192.168.48.130"
"2","0.000270","192.168.48.130","192.168.48.1","DNS","46293","81","","53","","0.000270000","Standard query 0x0440 A 1.debian.pool.ntp.org"
"3","0.000429","192.168.48.130","192.168.48.1","DNS","46293","81","","53","","0.000159000","Standard query 0xd644 AAAA 1.debian.pool.ntp.org"
"4","0.197672","192.168.48.133","192.168.48.1","TCP","36362","74","0x0002","53","0","0.197243000","36362  >  53 [SYN] Seq=0 Win=64240 Len=0 MSS=1460 SACK_PERM TSval=3382695014 TSecr=0 WS=128"
"5","1.208553","192.168.48.133","192.168.48.1","TCP","36362","74","0x0002","53","0","1.010881000","[TCP Retransmission] 36362  >  53 [SYN] Seq=0 Win=64240 Len=0 MSS=1460 SACK_PERM TSval=3382696025 TSecr=0 WS=128"
"6","2.176565","192.168.73.128","192.168.73.1","UDP","20001","578","","10001","","0.968012000","20001  >  10001 Len=536"
"7","2.364882","0c:83:56:9e:00:01","Nearest-Customer-Bridge","STP","","60","","","","0.188317000","Conf. Root = 32768/1/0c:83:56:9e:00:00  Cost = 0  Port = 0x8002"
"8","2.368464","192.168.73.128","192.168.73.1","UDP","20001","669","","10001","","0.003582000","20001  >  10001 Len=627"
"9","2.927837","192.168.73.128","192.168.73.1","UDP","20000","748","","10000","","0.559373000","20000  >  10000 Len=706"
"10","3.224468","192.168.48.133","192.168.48.1","TCP","36362","74","0x0002","53","0","0.296631000","[TCP Retransmission] 36362  >  53 [SYN] Seq=0 Win=64240 Len=0 MSS=1460 SACK_PERM TSval=3382698041 TSecr=0 WS=128"
"11","3.313073","192.168.48.132","192.168.48.1","DNS","62762","72","","53","","0.088605000","Standard query 0x6599 A www.bing.com"
"12","3.811526","192.168.48.133","192.168.48.1","TCP","80","66","0x0010","19727","1","0.498453000","80  >  19727 [ACK] Seq=1 Ack=1 Win=501 Len=0 SLE=0 SRE=1"
"13","4.314869","192.168.48.132","192.168.48.1","DNS","62762","72","","53","","0.503343000","Standard query 0x6599 A www.bing.com"
"14","5.002216","192.168.48.130","192.168.48.1","DNS","57526","93","","53","","0.687347000","Standard query 0x0e59 A 1.debian.pool.ntp.org.localdomain"
"15","5.002382","192.168.48.130","192.168.48.1","DNS","57526","93","","53","","0.000166000","Standard query 0x6357 AAAA 1.debian.pool.ntp.org.localdomain"
"16","5.296701","192.168.48.133","192.168.48.1","TCP","80","60","0x0010","19730","2","0.294319000","80  >  19730 [ACK] Seq=1 Ack=1 Win=502 Len=0"
"17","5.315853","192.168.48.132","192.168.48.1","DNS","62762","72","","53","","0.019152000","Standard query 0x6599 A www.bing.com"
"18","6.209428","192.168.73.128","192.168.73.1","UDP","20001","690","","10001","","0.893575000","20001  >  10001 Len=648"
"19","7.329117","192.168.48.132","192.168.48.1","DNS","62762","72","","53","","1.119689000","Standard query 0x6599 A www.bing.com"
"20","7.352119","192.168.48.133","192.168.48.1","TCP","36362","74","0x0002","53","0","0.023002000","[TCP Retransmission] 36362  >  53 [SYN] Seq=0 Win=64240 Len=0 MSS=1460 SACK_PERM TSval=3382702169 TSecr=0 WS=128"
"21","8.232768","VMware_43:e1:33","VMware_c0:00:02","ARP","","42","","","","0.880649000","Who has 192.168.48.1? Tell 192.168.48.132"
"22","9.258133","192.168.48.132","192.168.48.133","TCP","49711","66","0x0002","443","3","1.025365000","49711  >  443 [SYN] Seq=0 Win=65535 Len=0 MSS=1460 WS=256 SACK_PERM"
"23","9.258296","192.168.48.133","192.168.48.132","TCP","443","66","0x0012","49711","3","0.000163000","443  >  49711 [SYN, ACK] Seq=0 Ack=1 Win=64240 Len=0 MSS=1460 SACK_PERM WS=128"
"24","9.258457","192.168.48.132","192.168.48.133","TCP","49711","54","0x0010","443","3","0.000161000","49711  >  443 [ACK] Seq=1 Ack=1 Win=262144 Len=0"
"25","9.264062","192.168.48.132","192.168.48.133","TLSv1.2","49711","234","0x0018","443","3","0.005605000","Client Hello"
"26","9.264332","192.168.48.133","192.168.48.132","TCP","443","60","0x0010","49711","3","0.000270000","443  >  49711 [ACK] Seq=1 Ack=181 Win=64128 Len=0"
"27","9.271922","192.168.48.133","192.168.48.132","TLSv1.2","443","1201","0x0018","49711","3","0.007590000","Server Hello, Certificate, Server Key Exchange, Server Hello Done"
"28","9.272059","192.168.48.132","192.168.48.133","TCP","49711","54","0x0010","443","3","0.000137000","49711  >  443 [ACK] Seq=181 Ack=1148 Win=260864 Len=0"
"29","9.429158","192.168.48.132","192.168.48.1","DNS","56292","89","","53","","0.157099000","Standard query 0x086b A nav.smartscreen.microsoft.com"
"30","9.433299","192.168.48.132","192.168.48.1","DNS","62342","83","","53","","0.004141000","Standard query 0x4f67 A ctldl.windowsupdate.com"
"31","10.006005","192.168.48.130","192.168.48.1","DNS","57526","93","","53","","0.572706000","Standard query 0x0e59 A 1.debian.pool.ntp.org.localdomain"
"32","10.006140","192.168.48.130","192.168.48.1","DNS","57526","93","","53","","0.000135000","Standard query 0x6357 AAAA 1.debian.pool.ntp.org.localdomain"
"33","10.204066","192.168.48.133","192.168.48.1","TCP","43472","74","0x0002","53","4","0.197926000","43472  >  53 [SYN] Seq=0 Win=64240 Len=0 MSS=1460 SACK_PERM TSval=3382705021 TSecr=0 WS=128"
"34","10.419038","192.168.48.132","192.168.48.1","DNS","56292","89","","53","","0.214972000","Standard query 0x086b A nav.smartscreen.microsoft.com"
"35","10.433660","192.168.48.132","192.168.48.1","DNS","62342","83","","53","","0.014622000","Standard query 0x4f67 A ctldl.windowsupdate.com"
"36","11.224064","192.168.48.133","192.168.48.1","TCP","43472","74","0x0002","53","4","0.790404000","[TCP Retransmission] 43472  >  53 [SYN] Seq=0 Win=64240 Len=0 MSS=1460 SACK_PERM TSval=3382706041 TSecr=0 WS=128"
"37","11.340763","192.168.48.132","192.168.48.1","DNS","62762","72","","53","","0.116699000","Standard query 0x6599 A www.bing.com"
"38","11.416212","192.168.48.132","192.168.48.1","DNS","56292","89","","53","","0.075449000","Standard query 0x086b A nav.smartscreen.microsoft.com"
"39","11.450193","192.168.48.132","192.168.48.1","DNS","62342","83","","53","","0.033981000","Standard query 0x4f67 A ctldl.windowsupdate.com"
"40","12.472412","VMware_2f:25:17","VMware_c0:00:02","ARP","","60","","","","1.022219000","Who has 192.168.48.1? Tell 192.168.48.133"
"41","13.240481","192.168.48.133","192.168.48.1","TCP","43472","74","0x0002","53","4","0.768069000","[TCP Retransmission] 43472  >  53 [SYN] Seq=0 Win=64240 Len=0 MSS=1460 SACK_PERM TSval=3382708057 TSecr=0 WS=128"
"42","13.416278","192.168.48.132","192.168.48.1","DNS","56292","89","","53","","0.175797000","Standard query 0x086b A nav.smartscreen.microsoft.com"
"43","13.463590","192.168.48.132","192.168.48.1","DNS","62342","83","","53","","0.047312000","Standard query 0x4f67 A ctldl.windowsupdate.com"
"44","14.242484","192.168.73.128","192.168.73.1","UDP","20001","687","","10001","","0.778894000","20001  >  10001 Len=645"
"45","14.245168","192.168.73.128","192.168.73.1","UDP","20000","687","","10000","","0.002684000","20000  >  10000 Len=645"
"46","14.250346","192.168.73.128","192.168.73.1","UDP","20001","687","","10001","","0.005178000","20001  >  10001 Len=645"
"47","14.252520","192.168.73.128","192.168.73.1","UDP","20001","687","","10001","","0.002174000","20001  >  10001 Len=645"
"48","14.258183","192.168.73.128","192.168.73.1","UDP","20000","687","","10000","","0.005663000","20000  >  10000 Len=645"
"49","14.260591","192.168.73.128","192.168.73.1","UDP","20001","687","","10001","","0.002408000","20001  >  10001 Len=645"
"50","14.265765","192.168.73.128","192.168.73.1","UDP","20000","687","","10000","","0.005174000","20000  >  10000 Len=645"
"51","14.291719","0c:83:56:9e:00:01","Nearest-Customer-Bridge","STP","","60","","","","0.025954000","Conf. Root = 32768/1/0c:83:56:9e:00:00  Cost = 0  Port = 0x8002"
"52","14.296223","192.168.73.128","192.168.73.1","UDP","20000","687","","10000","","0.004504000","20000  >  10000 Len=645"
"53","14.345274","192.168.73.128","192.168.73.1","UDP","20001","687","","10001","","0.049051000","20001  >  10001 Len=645"
"54","14.691425","192.168.48.128","192.168.48.1","TCP","56168","78","0x0002","53","5","0.346151000","56168  >  53 [SYN] Seq=0 Win=64240 Len=0 MSS=1460 SACK_PERM TSval=2104499947 TSecr=0 WS=128 TFO=R"
"55","15.013361","192.168.48.130","192.168.48.1","DNS","32860","81","","53","","0.321936000","Standard query 0x2933 A 2.debian.pool.ntp.org"
"56","15.013534","192.168.48.130","192.168.48.1","DNS","32860","81","","53","","0.000173000","Standard query 0x6337 AAAA 2.debian.pool.ntp.org"
"57","15.357293","192.168.48.132","192.168.48.1","DNS","50202","72","","53","","0.343759000","Standard query 0x3b2b A www.bing.com"
"58","15.704476","192.168.48.128","192.168.48.1","TCP","56168","74","0x0002","53","5","0.347183000","[TCP Retransmission] 56168  >  53 [SYN] Seq=0 Win=64240 Len=0 MSS=1460 SACK_PERM TSval=2104500959 TSecr=0 WS=128"
"59","16.374040","192.168.48.132","192.168.48.1","DNS","50202","72","","53","","0.669564000","Standard query 0x3b2b A www.bing.com"
"60","17.336083","192.168.48.133","192.168.48.1","TCP","43472","74","0x0002","53","4","0.962043000","[TCP Retransmission] 43472  >  53 [SYN] Seq=0 Win=64240 Len=0 MSS=1460 SACK_PERM TSval=3382712153 TSecr=0 WS=128"
"61","17.386448","192.168.48.132","192.168.48.1","DNS","50202","72","","53","","0.050365000","Standard query 0x3b2b A www.bing.com"
"62","17.432917","192.168.48.132","192.168.48.1","DNS","56292","89","","53","","0.046469000","Standard query 0x086b A nav.smartscreen.microsoft.com"
"63","17.481653","192.168.48.132","192.168.48.1","DNS","62342","83","","53","","0.048736000","Standard query 0x4f67 A ctldl.windowsupdate.com"
"64","17.722097","192.168.48.128","192.168.48.1","TCP","56168","74","0x0002","53","5","0.240444000","[TCP Retransmission] 56168  >  53 [SYN] Seq=0 Win=64240 Len=0 MSS=1460 SACK_PERM TSval=2104502975 TSecr=0 WS=128"
"65","19.387357","192.168.48.132","192.168.48.1","DNS","50202","72","","53","","1.665260000","Standard query 0x3b2b A www.bing.com"
"66","20.018628","192.168.48.130","192.168.48.1","DNS","32860","81","","53","","0.631271000","Standard query 0x2933 A 2.debian.pool.ntp.org"
"67","20.018812","192.168.48.130","192.168.48.1","DNS","32860","81","","53","","0.000184000","Standard query 0x6337 AAAA 2.debian.pool.ntp.org"
"68","20.213652","192.168.48.133","192.168.48.1","TCP","50954","74","0x0002","53","6","0.194840000","50954  >  53 [SYN] Seq=0 Win=64240 Len=0 MSS=1460 SACK_PERM TSval=3382715030 TSecr=0 WS=128"
"69","21.240228","192.168.48.133","192.168.48.1","TCP","50954","74","0x0002","53","6","1.026576000","[TCP Retransmission] 50954  >  53 [SYN] Seq=0 Win=64240 Len=0 MSS=1460 SACK_PERM TSval=3382716057 TSecr=0 WS=128"
"70","21.501926","192.168.48.132","192.168.48.133","TCP","49711","54","0x0011","443","3","0.261698000","49711  >  443 [FIN, ACK] Seq=181 Ack=1148 Win=260864 Len=0"
"71","21.502447","192.168.48.133","192.168.48.132","TCP","443","60","0x0011","49711","3","0.000521000","443  >  49711 [FIN, ACK] Seq=1148 Ack=182 Win=64128 Len=0"
"72","21.502628","192.168.48.132","192.168.48.133","TCP","49711","54","0x0010","443","3","0.000181000","49711  >  443 [ACK] Seq=182 Ack=1149 Win=260864 Len=0"
"73","21.949901","192.168.48.128","192.168.48.1","TCP","56168","74","0x0002","53","5","0.447273000","[TCP Retransmission] 56168  >  53 [SYN] Seq=0 Win=64240 Len=0 MSS=1460 SACK_PERM TSval=2104507199 TSecr=0 WS=128"
"74","23.255885","192.168.48.133","192.168.48.1","TCP","50954","74","0x0002","53","6","1.305984000","[TCP Retransmission] 50954  >  53 [SYN] Seq=0 Win=64240 Len=0 MSS=1460 SACK_PERM TSval=3382718073 TSecr=0 WS=128"
"75","23.400656","192.168.48.132","192.168.48.1","DNS","50202","72","","53","","0.144771000","Standard query 0x3b2b A www.bing.com"
"76","25.024567","192.168.48.130","192.168.48.1","DNS","53451","93","","53","","1.623911000","Standard query 0xf80e A 2.debian.pool.ntp.org.localdomain"
"77","25.024737","192.168.48.130","192.168.48.1","DNS","53451","93","","53","","0.000170000","Standard query 0x0708 AAAA 2.debian.pool.ntp.org.localdomain"
"78","25.088419","VMware_72:69:7d","VMware_c0:00:02","ARP","","60","","","","0.063682000","Who has 192.168.48.1? Tell 192.168.48.130"
"79","27.320207","192.168.48.133","192.168.48.1","TCP","50954","74","0x0002","53","6","2.231788000","[TCP Retransmission] 50954  >  53 [SYN] Seq=0 Win=64240 Len=0 MSS=1460 SACK_PERM TSval=3382722137 TSecr=0 WS=128"
"80","27.450399","192.168.73.128","192.168.73.1","TCP","80","141","0x0018","15006","7","0.130192000","80  >  15006 [PSH, ACK] Seq=1 Ack=1 Win=501 Len=87"
"81","27.452666","192.168.73.128","192.168.73.1","UDP","20000","578","","10000","","0.002267000","20000  >  10000 Len=536"
"82","27.457419","192.168.73.128","192.168.73.1","UDP","20001","578","","10001","","0.004753000","20001  >  10001 Len=536"
"83","27.460070","192.168.73.128","192.168.73.1","UDP","20000","620","","10000","","0.002651000","20000  >  10000 Len=578"
"84","27.464720","192.168.73.128","192.168.73.1","UDP","20001","620","","10001","","0.004650000","20001  >  10001 Len=578"
"85","27.796598","0c:83:56:9e:00:01","Nearest-Customer-Bridge","STP","","60","","","","0.331878000","Conf. Root = 32768/1/0c:83:56:9e:00:00  Cost = 0  Port = 0x8002"
"86","27.801096","192.168.73.128","192.168.73.1","UDP","20001","494","","10001","","0.004498000","20001  >  10001 Len=452"
"87","30.030408","192.168.48.130","192.168.48.1","DNS","53451","93","","53","","2.229312000","Standard query 0xf80e A 2.debian.pool.ntp.org.localdomain"
"88","30.030513","192.168.48.130","192.168.48.1","DNS","53451","93","","53","","0.000105000","Standard query 0x0708 AAAA 2.debian.pool.ntp.org.localdomain"
"89","30.226183","192.168.48.133","192.168.48.1","TCP","33280","74","0x0002","53","8","0.195670000","33280  >  53 [SYN] Seq=0 Win=64240 Len=0 MSS=1460 SACK_PERM TSval=3382725043 TSecr=0 WS=128"
"90","31.228262","192.168.48.132","192.168.48.133","TCP","49712","66","0x0002","443","9","1.002079000","49712  >  443 [SYN] Seq=0 Win=65535 Len=0 MSS=1460 WS=256 SACK_PERM"
"91","31.228430","192.168.48.133","192.168.48.132","TCP","443","66","0x0012","49712","9","0.000168000","443  >  49712 [SYN, ACK] Seq=0 Ack=1 Win=64240 Len=0 MSS=1460 SACK_PERM WS=128"
"92","31.228576","192.168.48.132","192.168.48.133","TCP","49712","54","0x0010","443","9","0.000146000","49712  >  443 [ACK] Seq=1 Ack=1 Win=262144 Len=0"
"93","31.229041","192.168.48.132","192.168.48.133","TLSv1.2","49712","234","0x0018","443","9","0.000465000","Client Hello"
"94","31.229207","192.168.48.133","192.168.48.132","TCP","443","60","0x0010","49712","9","0.000166000","443  >  49712 [ACK] Seq=1 Ack=181 Win=64128 Len=0"
"95","31.231811","192.168.48.133","192.168.48.132","TLSv1.2","443","1201","0x0018","49712","9","0.002604000","Server Hello, Certificate, Server Key Exchange, Server Hello Done"
"96","31.231971","192.168.48.132","192.168.48.133","TCP","49712","54","0x0010","443","9","0.000160000","49712  >  443 [ACK] Seq=181 Ack=1148 Win=260864 Len=0"
"97","31.235358","192.168.48.132","192.168.48.133","TCP","49712","54","0x0011","443","9","0.003387000","49712  >  443 [FIN, ACK] Seq=181 Ack=1148 Win=260864 Len=0"
"98","31.235495","192.168.48.133","192.168.48.132","TCP","443","60","0x0011","49712","9","0.000137000","443  >  49712 [FIN, ACK] Seq=1148 Ack=182 Win=64128 Len=0"
"99","31.235644","192.168.48.132","192.168.48.133","TCP","49712","54","0x0010","443","9","0.000149000","49712  >  443 [ACK] Seq=182 Ack=1149 Win=260864 Len=0"
"100","31.255791","192.168.48.133","192.168.48.1","TCP","33280","74","0x0002","53","8","0.020147000","[TCP Retransmission] 33280  >  53 [SYN] Seq=0 Win=64240 Len=0 MSS=1460 SACK_PERM TSval=3382726073 TSecr=0 WS=128"
"101","31.373005","192.168.48.132","192.168.48.1","DNS","52522","89","","53","","0.117214000","Standard query 0x8685 A nav.smartscreen.microsoft.com"
"102","32.360301","192.168.48.132","192.168.48.1","DNS","52522","89","","53","","0.987296000","Standard query 0x8685 A nav.smartscreen.microsoft.com"
"103","32.452917","192.168.48.132","192.168.48.133","TCP","49713","66","0x0002","443","10","0.092616000","49713  >  443 [SYN] Seq=0 Win=65535 Len=0 MSS=1460 WS=256 SACK_PERM"
"104","32.453070","192.168.48.133","192.168.48.132","TCP","443","66","0x0012","49713","10","0.000153000","443  >  49713 [SYN, ACK] Seq=0 Ack=1 Win=64240 Len=0 MSS=1460 SACK_PERM WS=128"
"105","32.453235","192.168.48.132","192.168.48.133","TCP","49713","54","0x0010","443","10","0.000165000","49713  >  443 [ACK] Seq=1 Ack=1 Win=262144 Len=0"
"106","32.453689","192.168.48.132","192.168.48.133","TLSv1.2","49713","234","0x0018","443","10","0.000454000","Client Hello"
"107","32.453768","192.168.48.133","192.168.48.132","TCP","443","60","0x0010","49713","10","0.000079000","443  >  49713 [ACK] Seq=1 Ack=181 Win=64128 Len=0"
"108","32.456294","192.168.48.133","192.168.48.132","TLSv1.2","443","1201","0x0018","49713","10","0.002526000","Server Hello, Certificate, Server Key Exchange, Server Hello Done"
"109","32.456400","192.168.48.132","192.168.48.133","TCP","49713","54","0x0010","443","10","0.000106000","49713  >  443 [ACK] Seq=181 Ack=1148 Win=260864 Len=0"
"110","32.459561","192.168.48.132","192.168.48.133","TCP","49713","54","0x0011","443","10","0.003161000","49713  >  443 [FIN, ACK] Seq=181 Ack=1148 Win=260864 Len=0"
"111","32.459743","192.168.48.133","192.168.48.132","TCP","443","60","0x0011","49713","10","0.000182000","443  >  49713 [FIN, ACK] Seq=1148 Ack=182 Win=64128 Len=0"
"112","32.459880","192.168.48.132","192.168.48.133","TCP","49713","54","0x0010","443","10","0.000137000","49713  >  443 [ACK] Seq=182 Ack=1149 Win=260864 Len=0"
"113","33.272216","192.168.48.133","192.168.48.1","TCP","33280","74","0x0002","53","8","0.812336000","[TCP Retransmission] 33280  >  53 [SYN] Seq=0 Win=64240 Len=0 MSS=1460 SACK_PERM TSval=3382728089 TSecr=0 WS=128"
"114","33.375664","192.168.48.132","192.168.48.1","DNS","52522","89","","53","","0.103448000","Standard query 0x8685 A nav.smartscreen.microsoft.com"
"115","35.036910","192.168.48.130","192.168.48.1","DNS","37704","81","","53","","1.661246000","Standard query 0xcbe0 A 3.debian.pool.ntp.org"
"116","35.037079","192.168.48.130","192.168.48.1","DNS","37704","81","","53","","0.000169000","Standard query 0x51eb AAAA 3.debian.pool.ntp.org"
"117","35.420284","192.168.48.132","192.168.48.1","DNS","52522","89","","53","","0.383205000","Standard query 0x8685 A nav.smartscreen.microsoft.com"
"118","36.227128","VMware_43:e1:33","VMware_c0:00:02","ARP","","42","","","","0.806844000","Who has 192.168.48.1? Tell 192.168.48.132"
"119","36.398816","192.168.48.132","192.168.48.133","TCP","49714","66","0x0002","443","11","0.171688000","49714  >  443 [SYN] Seq=0 Win=65535 Len=0 MSS=1460 WS=256 SACK_PERM"
"120","36.398967","192.168.48.133","192.168.48.132","TCP","443","66","0x0012","49714","11","0.000151000","443  >  49714 [SYN, ACK] Seq=0 Ack=1 Win=64240 Len=0 MSS=1460 SACK_PERM WS=128"
"121","36.399083","192.168.48.132","192.168.48.133","TCP","49714","54","0x0010","443","11","0.000116000","49714  >  443 [ACK] Seq=1 Ack=1 Win=262144 Len=0"
"122","36.399464","192.168.48.132","192.168.48.133","TLSv1.2","49714","234","0x0018","443","11","0.000381000","Client Hello"
"123","36.399631","192.168.48.133","192.168.48.132","TCP","443","60","0x0010","49714","11","0.000167000","443  >  49714 [ACK] Seq=1 Ack=181 Win=64128 Len=0"
"124","36.402136","192.168.48.133","192.168.48.132","TLSv1.2","443","1201","0x0018","49714","11","0.002505000","Server Hello, Certificate, Server Key Exchange, Server Hello Done"
"125","36.402242","192.168.48.132","192.168.48.133","TCP","49714","54","0x0010","443","11","0.000106000","49714  >  443 [ACK] Seq=181 Ack=1148 Win=260864 Len=0"
"126","36.408924","192.168.48.132","192.168.48.133","TCP","49714","54","0x0011","443","11","0.006682000","49714  >  443 [FIN, ACK] Seq=181 Ack=1148 Win=260864 Len=0"
"127","36.409083","192.168.48.133","192.168.48.132","TCP","443","60","0x0011","49714","11","0.000159000","443  >  49714 [FIN, ACK] Seq=1148 Ack=182 Win=64128 Len=0"
"128","36.409288","192.168.48.132","192.168.48.133","TCP","49714","54","0x0010","443","11","0.000205000","49714  >  443 [ACK] Seq=182 Ack=1149 Win=260864 Len=0"
"129","37.304063","192.168.48.133","192.168.48.1","TCP","33280","74","0x0002","53","8","0.894775000","[TCP Retransmission] 33280  >  53 [SYN] Seq=0 Win=64240 Len=0 MSS=1460 SACK_PERM TSval=3382732121 TSecr=0 WS=128"
"130","38.327804","VMware_2f:25:17","VMware_c0:00:02","ARP","","60","","","","1.023741000","Who has 192.168.48.1? Tell 192.168.48.133"
"131","38.955668","192.168.48.132","192.168.48.133","TCP","49715","66","0x0002","443","12","0.627864000","49715  >  443 [SYN] Seq=0 Win=65535 Len=0 MSS=1460 WS=256 SACK_PERM"
"132","38.955801","192.168.48.133","192.168.48.132","TCP","443","66","0x0012","49715","12","0.000133000","443  >  49715 [SYN, ACK] Seq=0 Ack=1 Win=64240 Len=0 MSS=1460 SACK_PERM WS=128"
"133","38.955956","192.168.48.132","192.168.48.133","TCP","49715","54","0x0010","443","12","0.000155000","49715  >  443 [ACK] Seq=1 Ack=1 Win=262144 Len=0"
"134","38.956501","192.168.48.132","192.168.48.133","TLSv1.2","49715","234","0x0018","443","12","0.000545000","Client Hello"
"135","38.956636","192.168.48.133","192.168.48.132","TCP","443","60","0x0010","49715","12","0.000135000","443  >  49715 [ACK] Seq=1 Ack=181 Win=64128 Len=0"
"136","38.959258","192.168.48.133","192.168.48.132","TLSv1.2","443","1201","0x0018","49715","12","0.002622000","Server Hello, Certificate, Server Key Exchange, Server Hello Done"
"137","38.959356","192.168.48.132","192.168.48.133","TCP","49715","54","0x0010","443","12","0.000098000","49715  >  443 [ACK] Seq=181 Ack=1148 Win=260864 Len=0"
"138","38.979220","192.168.48.132","192.168.48.1","DNS","52078","83","","53","","0.019864000","Standard query 0x4f2a A ctldl.windowsupdate.com"
"139","39.426078","192.168.48.132","192.168.48.1","DNS","52522","89","","53","","0.446858000","Standard query 0x8685 A nav.smartscreen.microsoft.com"
"140","39.984132","192.168.48.132","192.168.48.1","DNS","52078","83","","53","","0.558054000","Standard query 0x4f2a A ctldl.windowsupdate.com"
"141","40.042371","192.168.48.130","192.168.48.1","DNS","37704","81","","53","","0.058239000","Standard query 0xcbe0 A 3.debian.pool.ntp.org"
"142","40.042457","192.168.48.130","192.168.48.1","DNS","37704","81","","53","","0.000086000","Standard query 0x51eb AAAA 3.debian.pool.ntp.org"
"143","40.234330","192.168.48.133","192.168.48.1","TCP","60268","74","0x0002","53","13","0.191873000","60268  >  53 [SYN] Seq=0 Win=64240 Len=0 MSS=1460 SACK_PERM TSval=3382735051 TSecr=0 WS=128"
"144","40.990811","192.168.48.132","192.168.48.1","DNS","52078","83","","53","","0.756481000","Standard query 0x4f2a A ctldl.windowsupdate.com"
"145","41.240143","192.168.48.133","192.168.48.1","TCP","60268","74","0x0002","53","13","0.249332000","[TCP Retransmission] 60268  >  53 [SYN] Seq=0 Win=64240 Len=0 MSS=1460 SACK_PERM TSval=3382736057 TSecr=0 WS=128"
"146","41.709849","192.168.73.128","192.168.73.1","UDP","20000","666","","10000","","0.469706000","20000  >  10000 Len=624"
"147","41.712346","192.168.73.128","192.168.73.1","UDP","20001","666","","10001","","0.002497000","20001  >  10001 Len=624"
"148","41.716891","192.168.73.128","192.168.73.1","UDP","20000","200","","10000","","0.004545000","20000  >  10000 Len=158"
"149","41.719301","192.168.73.128","192.168.73.1","UDP","20001","200","","10001","","0.002410000","20001  >  10001 Len=158"
"150","41.723906","192.168.73.128","192.168.73.1","UDP","20000","200","","10000","","0.004605000","20000  >  10000 Len=158"
"151","41.726315","192.168.73.128","192.168.73.1","UDP","20001","200","","10001","","0.002409000","20001  >  10001 Len=158"
"152","41.731099","192.168.73.128","192.168.73.1","UDP","20000","494","","10000","","0.004784000","20000  >  10000 Len=452"
"153","42.750518","192.168.48.132","192.168.48.133","TCP","49716","66","0x0002","443","14","1.019419000","49716  >  443 [SYN] Seq=0 Win=65535 Len=0 MSS=1460 WS=256 SACK_PERM"
"154","42.750699","192.168.48.133","192.168.48.132","TCP","443","66","0x0012","49716","14","0.000181000","443  >  49716 [SYN, ACK] Seq=0 Ack=1 Win=64240 Len=0 MSS=1460 SACK_PERM WS=128"
"155","42.750889","192.168.48.132","192.168.48.133","TCP","49716","54","0x0010","443","14","0.000190000","49716  >  443 [ACK] Seq=1 Ack=1 Win=262144 Len=0"
"156","42.751482","192.168.48.132","192.168.48.133","TLSv1.2","49716","234","0x0018","443","14","0.000593000","Client Hello"
"157","42.751639","192.168.48.133","192.168.48.132","TCP","443","60","0x0010","49716","14","0.000157000","443  >  49716 [ACK] Seq=1 Ack=181 Win=64128 Len=0"
"158","42.754493","192.168.48.133","192.168.48.132","TLSv1.2","443","1201","0x0018","49716","14","0.002854000","Server Hello, Certificate, Server Key Exchange, Server Hello Done"
"159","42.754630","192.168.48.132","192.168.48.133","TCP","49716","54","0x0010","443","14","0.000137000","49716  >  443 [ACK] Seq=181 Ack=1148 Win=260864 Len=0"
"160","42.925761","0c:83:56:9e:00:01","Nearest-Customer-Bridge","STP","","60","","","","0.171131000","Conf. Root = 32768/1/0c:83:56:9e:00:00  Cost = 0  Port = 0x8002"
"161","42.928678","192.168.73.128","192.168.73.1","UDP","20001","477","","10001","","0.002917000","20001  >  10001 Len=435"
"162","42.997333","192.168.48.132","192.168.48.1","DNS","52078","83","","53","","0.068655000","Standard query 0x4f2a A ctldl.windowsupdate.com"
"163","43.255722","192.168.48.133","192.168.48.1","TCP","60268","74","0x0002","53","13","0.258389000","[TCP Retransmission] 60268  >  53 [SYN] Seq=0 Win=64240 Len=0 MSS=1460 SACK_PERM TSval=3382738073 TSecr=0 WS=128"
"164","43.494155","192.168.48.132","192.168.48.1","DNS","54047","89","","53","","0.238433000","Standard query 0xa812 A nav.smartscreen.microsoft.com"
"165","44.052605","192.168.73.128","192.168.73.1","UDP","20000","578","","10000","","0.558450000","20000  >  10000 Len=536"
"166","44.492816","192.168.48.132","192.168.48.1","DNS","54047","89","","53","","0.440211000","Standard query 0xa812 A nav.smartscreen.microsoft.com"
"167","45.048165","192.168.48.130","192.168.48.1","DNS","35379","93","","53","","0.555349000","Standard query 0x1675 A 3.debian.pool.ntp.org.localdomain"
"168","45.048269","192.168.48.130","192.168.48.1","DNS","35379","93","","53","","0.000104000","Standard query 0x8072 AAAA 3.debian.pool.ntp.org.localdomain"
"169","45.511783","192.168.48.132","192.168.48.1","DNS","54047","89","","53","","0.463514000","Standard query 0xa812 A nav.smartscreen.microsoft.com"
"170","46.644036","192.168.48.132","192.168.48.133","TCP","49717","66","0x0002","443","15","1.132253000","49717  >  443 [SYN] Seq=0 Win=65535 Len=0 MSS=1460 WS=256 SACK_PERM"
"171","46.644197","192.168.48.133","192.168.48.132","TCP","443","66","0x0012","49717","15","0.000161000","443  >  49717 [SYN, ACK] Seq=0 Ack=1 Win=64240 Len=0 MSS=1460 SACK_PERM WS=128"
"172","46.644345","192.168.48.132","192.168.48.133","TCP","49717","54","0x0010","443","15","0.000148000","49717  >  443 [ACK] Seq=1 Ack=1 Win=262144 Len=0"
"173","46.644921","192.168.48.132","192.168.48.133","TLSv1.2","49717","234","0x0018","443","15","0.000576000","Client Hello"
"174","46.645075","192.168.48.133","192.168.48.132","TCP","443","60","0x0010","49717","15","0.000154000","443  >  49717 [ACK] Seq=1 Ack=181 Win=64128 Len=0"
"175","46.647595","192.168.48.133","192.168.48.132","TLSv1.2","443","1201","0x0018","49717","15","0.002520000","Server Hello, Certificate, Server Key Exchange, Server Hello Done"
"176","46.647725","192.168.48.132","192.168.48.133","TCP","49717","54","0x0010","443","15","0.000130000","49717  >  443 [ACK] Seq=181 Ack=1148 Win=260864 Len=0"
"177","46.662765","192.168.48.132","192.168.48.133","TCP","49717","54","0x0011","443","15","0.015040000","49717  >  443 [FIN, ACK] Seq=181 Ack=1148 Win=260864 Len=0"
"178","46.662957","192.168.48.133","192.168.48.132","TCP","443","60","0x0011","49717","15","0.000192000","443  >  49717 [FIN, ACK] Seq=1148 Ack=182 Win=64128 Len=0"
"179","46.663110","192.168.48.132","192.168.48.133","TCP","49717","54","0x0010","443","15","0.000153000","49717  >  443 [ACK] Seq=182 Ack=1149 Win=260864 Len=0"
"180","46.998345","192.168.48.132","192.168.48.1","DNS","52078","83","","53","","0.335235000","Standard query 0x4f2a A ctldl.windowsupdate.com"
"181","47.287898","192.168.48.133","192.168.48.1","TCP","60268","74","0x0002","53","13","0.289553000","[TCP Retransmission] 60268  >  53 [SYN] Seq=0 Win=64240 Len=0 MSS=1460 SACK_PERM TSval=3382742105 TSecr=0 WS=128"
"182","47.531620","192.168.48.132","192.168.48.1","DNS","54047","89","","53","","0.243722000","Standard query 0xa812 A nav.smartscreen.microsoft.com"
"183","48.819294","192.168.48.133","192.168.48.1","TCP","80","60","0x0010","19727","1","1.287674000","[TCP Dup ACK 12#1] 80  >  19727 [ACK] Seq=1 Ack=1 Win=501 Len=0"
"184","49.190034","192.168.48.132","192.168.48.133","TCP","49718","66","0x0002","443","16","0.370740000","49718  >  443 [SYN] Seq=0 Win=65535 Len=0 MSS=1460 WS=256 SACK_PERM"
"185","49.190174","192.168.48.133","192.168.48.132","TCP","443","66","0x0012","49718","16","0.000140000","443  >  49718 [SYN, ACK] Seq=0 Ack=1 Win=64240 Len=0 MSS=1460 SACK_PERM WS=128"
"186","49.190355","192.168.48.132","192.168.48.133","TCP","49718","54","0x0010","443","16","0.000181000","49718  >  443 [ACK] Seq=1 Ack=1 Win=262144 Len=0"
"187","49.190979","192.168.48.132","192.168.48.133","TLSv1.2","49718","234","0x0018","443","16","0.000624000","Client Hello"
"188","49.191093","192.168.48.133","192.168.48.132","TCP","443","60","0x0010","49718","16","0.000114000","443  >  49718 [ACK] Seq=1 Ack=181 Win=64128 Len=0"
"189","49.192554","192.168.48.133","192.168.48.132","TLSv1.2","443","1201","0x0018","49718","16","0.001461000","Server Hello, Certificate, Server Key Exchange, Server Hello Done"
"190","49.192671","192.168.48.132","192.168.48.133","TCP","49718","54","0x0010","443","16","0.000117000","49718  >  443 [ACK] Seq=181 Ack=1148 Win=260864 Len=0"
"191","49.195868","192.168.48.132","192.168.48.133","TCP","49718","54","0x0011","443","16","0.003197000","49718  >  443 [FIN, ACK] Seq=181 Ack=1148 Win=260864 Len=0"
"192","49.196039","192.168.48.133","192.168.48.132","TCP","443","60","0x0011","49718","16","0.000171000","443  >  49718 [FIN, ACK] Seq=1148 Ack=182 Win=64128 Len=0"
"193","49.196153","192.168.48.132","192.168.48.133","TCP","49718","54","0x0010","443","16","0.000114000","49718  >  443 [ACK] Seq=182 Ack=1149 Win=260864 Len=0"
"194","50.053909","192.168.48.130","192.168.48.1","DNS","35379","93","","53","","0.857756000","Standard query 0x1675 A 3.debian.pool.ntp.org.localdomain"
"195","50.054002","192.168.48.130","192.168.48.1","DNS","35379","93","","53","","0.000093000","Standard query 0x8072 AAAA 3.debian.pool.ntp.org.localdomain"
"196","50.175930","VMware_72:69:7d","VMware_c0:00:02","ARP","","60","","","","0.121928000","Who has 192.168.48.1? Tell 192.168.48.130"
"197","50.245484","192.168.48.133","192.168.48.1","TCP","50268","74","0x0002","53","17","0.069554000","50268  >  53 [SYN] Seq=0 Win=64240 Len=0 MSS=1460 SACK_PERM TSval=3382745063 TSecr=0 WS=128"
"198","50.304476","192.168.48.133","192.168.48.1","TCP","80","60","0x0004","19730","2","0.058992000","80  >  19730 [RST] Seq=1 Win=0 Len=0"
"199","51.025034","192.168.48.132","192.168.48.133","TCP","49715","54","0x0011","443","12","0.720558000","49715  >  443 [FIN, ACK] Seq=181 Ack=1148 Win=260864 Len=0"
"200","51.025501","192.168.48.133","192.168.48.132","TCP","443","60","0x0011","49715","12","0.000467000","443  >  49715 [FIN, ACK] Seq=1148 Ack=182 Win=64128 Len=0"
"201","51.025653","192.168.48.132","192.168.48.133","TCP","49715","54","0x0010","443","12","0.000152000","49715  >  443 [ACK] Seq=182 Ack=1149 Win=260864 Len=0"
"202","51.028453","192.168.48.132","192.168.48.133","TCP","49716","54","0x0011","443","14","0.002800000","49716  >  443 [FIN, ACK] Seq=181 Ack=1148 Win=260864 Len=0"
"203","51.028839","192.168.48.133","192.168.48.132","TCP","443","60","0x0011","49716","14","0.000386000","443  >  49716 [FIN, ACK] Seq=1148 Ack=182 Win=64128 Len=0"
"204","51.028974","192.168.48.132","192.168.48.133","TCP","49716","54","0x0010","443","14","0.000135000","49716  >  443 [ACK] Seq=182 Ack=1149 Win=260864 Len=0"
"205","51.255945","192.168.48.133","192.168.48.1","TCP","50268","74","0x0002","53","17","0.226971000","[TCP Retransmission] 50268  >  53 [SYN] Seq=0 Win=64240 Len=0 MSS=1460 SACK_PERM TSval=3382746073 TSecr=0 WS=128"
"206","51.557641","192.168.48.132","192.168.48.1","DNS","54047","89","","53","","0.301696000","Standard query 0xa812 A nav.smartscreen.microsoft.com"
"207","52.680697","192.168.48.132","192.168.48.133","TCP","49719","66","0x0002","443","18","1.123056000","49719  >  443 [SYN] Seq=0 Win=65535 Len=0 MSS=1460 WS=256 SACK_PERM"
"208","52.680840","192.168.48.133","192.168.48.132","TCP","443","66","0x0012","49719","18","0.000143000","443  >  49719 [SYN, ACK] Seq=0 Ack=1 Win=64240 Len=0 MSS=1460 SACK_PERM WS=128"
"209","52.680983","192.168.48.132","192.168.48.133","TCP","49719","54","0x0010","443","18","0.000143000","49719  >  443 [ACK] Seq=1 Ack=1 Win=262144 Len=0"
"210","52.681427","192.168.48.132","192.168.48.133","TLSv1.2","49719","234","0x0018","443","18","0.000444000","Client Hello"
"211","52.681637","192.168.48.133","192.168.48.132","TCP","443","60","0x0010","49719","18","0.000210000","443  >  49719 [ACK] Seq=1 Ack=181 Win=64128 Len=0"
"212","52.683027","192.168.48.133","192.168.48.132","TLSv1.2","443","1201","0x0018","49719","18","0.001390000","Server Hello, Certificate, Server Key Exchange, Server Hello Done"
"213","52.683161","192.168.48.132","192.168.48.133","TCP","49719","54","0x0010","443","18","0.000134000","49719  >  443 [ACK] Seq=181 Ack=1148 Win=260864 Len=0"
"214","52.688403","192.168.48.132","192.168.48.133","TCP","49719","54","0x0011","443","18","0.005242000","49719  >  443 [FIN, ACK] Seq=181 Ack=1148 Win=260864 Len=0"
"215","52.688699","192.168.48.133","192.168.48.132","TCP","443","60","0x0011","49719","18","0.000296000","443  >  49719 [FIN, ACK] Seq=1148 Ack=182 Win=64128 Len=0"
"216","52.688810","192.168.48.132","192.168.48.133","TCP","49719","54","0x0010","443","18","0.000111000","49719  >  443 [ACK] Seq=182 Ack=1149 Win=260864 Len=0"
"217","53.271710","192.168.48.133","192.168.48.1","TCP","50268","74","0x0002","53","17","0.582900000","[TCP Retransmission] 50268  >  53 [SYN] Seq=0 Win=64240 Len=0 MSS=1460 SACK_PERM TSval=3382748089 TSecr=0 WS=128"
"218","55.060719","192.168.48.130","192.168.48.1","DNS","53432","81","","53","","1.789009000","Standard query 0xff14 A 0.debian.pool.ntp.org"
"219","55.060911","192.168.48.130","192.168.48.1","DNS","53432","81","","53","","0.000192000","Standard query 0x7010 AAAA 0.debian.pool.ntp.org"
"220","55.727177","192.168.48.128","192.168.48.1","TCP","49290","78","0x0002","53","19","0.666266000","49290  >  53 [SYN] Seq=0 Win=64240 Len=0 MSS=1460 SACK_PERM TSval=2104540947 TSecr=0 WS=128 TFO=R"
"221","56.731656","192.168.48.128","192.168.48.1","TCP","49290","74","0x0002","53","19","1.004479000","[TCP Retransmission] 49290  >  53 [SYN] Seq=0 Win=64240 Len=0 MSS=1460 SACK_PERM TSval=2104541951 TSecr=0 WS=128"
"222","57.527684","192.168.48.133","192.168.48.1","TCP","50268","74","0x0002","53","17","0.796028000","[TCP Retransmission] 50268  >  53 [SYN] Seq=0 Win=64240 Len=0 MSS=1460 SACK_PERM TSval=3382752345 TSecr=0 WS=128"
"223","58.545400","192.168.48.132","192.168.48.1","DNS","52054","76","","53","","1.017716000","Standard query 0x6454 A wpad.localdomain"
"224","58.749891","192.168.48.128","192.168.48.1","TCP","49290","74","0x0002","53","19","0.204491000","[TCP Retransmission] 49290  >  53 [SYN] Seq=0 Win=64240 Len=0 MSS=1460 SACK_PERM TSval=2104543967 TSecr=0 WS=128"
"225","58.913603","192.168.48.133","192.168.48.1","TCP","80","60","0x0010","19727","1","0.163712000","80  >  19727 [ACK] Seq=1 Ack=2 Win=501 Len=0"
"226","59.543868","192.168.48.132","192.168.48.1","DNS","52054","76","","53","","0.630265000","Standard query 0x6454 A wpad.localdomain"
"227","60.066359","192.168.48.130","192.168.48.1","DNS","53432","81","","53","","0.522491000","Standard query 0xff14 A 0.debian.pool.ntp.org"
"228","60.066465","192.168.48.130","192.168.48.1","DNS","53432","81","","53","","0.000106000","Standard query 0x7010 AAAA 0.debian.pool.ntp.org"
"229","60.255825","192.168.48.133","192.168.48.1","TCP","58804","74","0x0002","53","20","0.189360000","58804  >  53 [SYN] Seq=0 Win=64240 Len=0 MSS=1460 SACK_PERM TSval=3382755073 TSecr=0 WS=128"
"230","60.895252","VMware_8b:74:2b","VMware_c0:00:02","ARP","","60","","","","0.639427000","Who has 192.168.48.1? Tell 192.168.48.128"
"231","61.271656","192.168.48.133","192.168.48.1","TCP","58804","74","0x0002","53","20","0.376404000","[TCP Retransmission] 58804  >  53 [SYN] Seq=0 Win=64240 Len=0 MSS=1460 SACK_PERM TSval=3382756089 TSecr=0 WS=128"
"232","61.508546","192.168.73.128","192.168.73.1","UDP","20000","438","","10000","","0.236890000","20000  >  10000 Len=396"
"233","61.510851","192.168.73.128","192.168.73.1","UDP","20001","438","","10001","","0.002305000","20001  >  10001 Len=396"
"234","61.515875","192.168.73.128","192.168.73.1","UDP","20000","438","","10000","","0.005024000","20000  >  10000 Len=396"
"235","61.518391","192.168.73.128","192.168.73.1","UDP","20001","438","","10001","","0.002516000","20001  >  10001 Len=396"
"236","61.523773","192.168.73.128","192.168.73.1","UDP","20000","438","","10000","","0.005382000","20000  >  10000 Len=396"
"237","61.555196","192.168.48.132","192.168.48.1","DNS","52054","76","","53","","0.031423000","Standard query 0x6454 A wpad.localdomain"
"238","62.334009","0c:83:56:9e:00:01","Nearest-Customer-Bridge","STP","","60","","","","0.778813000","Conf. Root = 32768/1/0c:83:56:9e:00:00  Cost = 0  Port = 0x8002"
"239","62.338472","192.168.73.128","192.168.73.1","UDP","20000","368","","10000","","0.004463000","20000  >  10000 Len=326"
"240","62.340938","192.168.73.128","192.168.73.1","UDP","20001","282","","10001","","0.002466000","20001  >  10001 Len=240"
"241","62.345926","192.168.73.128","192.168.73.1","UDP","20000","282","","10000","","0.004988000","20000  >  10000 Len=240"
"242","62.691300","192.168.48.133","192.168.48.1","TCP","443","66","0x0012","19739","21","0.345374000","443  >  19739 [SYN, ACK] Seq=0 Ack=1 Win=64240 Len=0 MSS=1460 SACK_PERM WS=128"
"243","62.691948","192.168.48.133","192.168.48.1","TCP","443","60","0x0010","19739","21","0.000648000","443  >  19739 [ACK] Seq=1 Ack=1798 Win=63488 Len=0"
"244","62.693629","192.168.48.133","192.168.48.1","TLSv1.3","443","1342","0x0018","19739","21","0.001681000","Server Hello, Change Cipher Spec, Application Data, Application Data, Application Data, Application Data"
"245","62.695331","192.168.48.133","192.168.48.1","TCP","443","66","0x0012","19740","22","0.001702000","443  >  19740 [SYN, ACK] Seq=0 Ack=1 Win=64240 Len=0 MSS=1460 SACK_PERM WS=128"
"246","62.695416","192.168.48.133","192.168.48.1","TCP","80","66","0x0012","19741","23","0.000085000","80  >  19741 [SYN, ACK] Seq=0 Ack=1 Win=64240 Len=0 MSS=1460 SACK_PERM WS=128"
"247","62.695479","192.168.48.133","192.168.48.1","TCP","443","60","0x0010","19739","21","0.000063000","443  >  19739 [ACK] Seq=1289 Ack=1828 Win=64128 Len=0"
"248","62.695721","192.168.48.133","192.168.48.1","TCP","443","60","0x0011","19739","21","0.000242000","443  >  19739 [FIN, ACK] Seq=1289 Ack=1829 Win=64128 Len=0"
"249","62.696403","192.168.48.133","192.168.48.1","TCP","443","60","0x0010","19740","22","0.000682000","443  >  19740 [ACK] Seq=1 Ack=1798 Win=63488 Len=0"
"250","62.697839","192.168.48.133","192.168.48.1","TLSv1.3","443","1342","0x0018","19740","22","0.001436000","Server Hello, Change Cipher Spec, Application Data, Application Data, Application Data, Application Data"
"251","62.698318","192.168.48.133","192.168.48.1","TCP","443","60","0x0010","19740","22","0.000479000","443  >  19740 [ACK] Seq=1289 Ack=1828 Win=64128 Len=0"
"252","62.698453","192.168.48.133","192.168.48.1","TCP","443","60","0x0011","19740","22","0.000135000","443  >  19740 [FIN, ACK] Seq=1289 Ack=1829 Win=64128 Len=0"
"253","62.945077","192.168.48.128","192.168.48.1","TCP","49290","74","0x0002","53","19","0.246624000","[TCP Retransmission] 49290  >  53 [SYN] Seq=0 Win=64240 Len=0 MSS=1460 SACK_PERM TSval=2104548159 TSecr=0 WS=128"
"254","62.963721","192.168.73.128","192.168.73.1","UDP","20000","396","","10000","","0.018644000","20000  >  10000 Len=354"
"255","63.230461","VMware_43:e1:33","VMware_c0:00:02","ARP","","42","","","","0.266740000","Who has 192.168.48.1? Tell 192.168.48.132"
"256","63.287356","192.168.48.133","192.168.48.1","TCP","58804","74","0x0002","53","20","0.056895000","[TCP Retransmission] 58804  >  53 [SYN] Seq=0 Win=64240 Len=0 MSS=1460 SACK_PERM TSval=3382758105 TSecr=0 WS=128"
"257","65.072059","192.168.48.130","192.168.48.1","DNS","37327","93","","53","","1.784703000","Standard query 0x14d8 A 0.debian.pool.ntp.org.localdomain"
"258","65.072230","192.168.48.130","192.168.48.1","DNS","37327","93","","53","","0.000171000","Standard query 0x67de AAAA 0.debian.pool.ntp.org.localdomain"
"259","66.764264","192.168.48.133","192.168.48.1","TCP","80","60","0x0011","19741","23","1.692034000","80  >  19741 [FIN, ACK] Seq=1 Ack=2 Win=64256 Len=0"
"260","67.511307","192.168.48.133","192.168.48.1","TCP","58804","74","0x0002","53","20","0.747043000","[TCP Retransmission] 58804  >  53 [SYN] Seq=0 Win=64240 Len=0 MSS=1460 SACK_PERM TSval=3382762329 TSecr=0 WS=128"
"261","69.618806","192.168.48.133","192.168.48.1","TCP","443","66","0x0012","19746","24","2.107499000","443  >  19746 [SYN, ACK] Seq=0 Ack=1 Win=64240 Len=0 MSS=1460 SACK_PERM WS=128"
"262","69.619520","192.168.48.133","192.168.48.1","TCP","443","60","0x0010","19746","24","0.000714000","443  >  19746 [ACK] Seq=1 Ack=1798 Win=63488 Len=0"
"263","69.621155","192.168.48.133","192.168.48.1","TLSv1.3","443","1342","0x0018","19746","24","0.001635000","Server Hello, Change Cipher Spec, Application Data, Application Data, Application Data, Application Data"
"264","69.622718","192.168.48.133","192.168.48.1","TCP","443","66","0x0012","19747","25","0.001563000","443  >  19747 [SYN, ACK] Seq=0 Ack=1 Win=64240 Len=0 MSS=1460 SACK_PERM WS=128"
"265","69.622876","192.168.48.133","192.168.48.1","TCP","80","66","0x0012","19748","26","0.000158000","80  >  19748 [SYN, ACK] Seq=0 Ack=1 Win=64240 Len=0 MSS=1460 SACK_PERM WS=128"
"266","69.622958","192.168.48.133","192.168.48.1","TCP","443","60","0x0010","19746","24","0.000082000","443  >  19746 [ACK] Seq=1289 Ack=1828 Win=64128 Len=0"
"267","69.623125","192.168.48.133","192.168.48.1","TCP","443","60","0x0011","19746","24","0.000167000","443  >  19746 [FIN, ACK] Seq=1289 Ack=1828 Win=64128 Len=0"
"268","69.623378","192.168.48.133","192.168.48.1","TCP","443","60","0x0010","19747","25","0.000253000","443  >  19747 [ACK] Seq=1 Ack=1734 Win=63488 Len=0"
"269","69.623455","192.168.48.133","192.168.48.1","TCP","443","60","0x0010","19746","24","0.000077000","443  >  19746 [ACK] Seq=1290 Ack=1829 Win=64128 Len=0"
"270","69.624903","192.168.48.133","192.168.48.1","TLSv1.3","443","1342","0x0018","19747","25","0.001448000","Server Hello, Change Cipher Spec, Application Data, Application Data, Application Data, Application Data"
"271","69.625408","192.168.48.133","192.168.48.1","TCP","443","60","0x0010","19747","25","0.000505000","443  >  19747 [ACK] Seq=1289 Ack=1764 Win=64128 Len=0"
"272","69.625532","192.168.48.133","192.168.48.1","TCP","443","60","0x0011","19747","25","0.000124000","443  >  19747 [FIN, ACK] Seq=1289 Ack=1765 Win=64128 Len=0"
"273","70.077407","192.168.48.130","192.168.48.1","DNS","37327","93","","53","","0.451875000","Standard query 0x14d8 A 0.debian.pool.ntp.org.localdomain"
"274","70.077571","192.168.48.130","192.168.48.1","DNS","37327","93","","53","","0.000164000","Standard query 0x67de AAAA 0.debian.pool.ntp.org.localdomain"
"275","70.265564","192.168.48.133","192.168.48.1","TCP","41806","74","0x0002","53","27","0.187993000","41806  >  53 [SYN] Seq=0 Win=64240 Len=0 MSS=1460 SACK_PERM TSval=3382765083 TSecr=0 WS=128"
"276","71.287619","192.168.48.133","192.168.48.1","TCP","41806","74","0x0002","53","27","1.022055000","[TCP Retransmission] 41806  >  53 [SYN] Seq=0 Win=64240 Len=0 MSS=1460 SACK_PERM TSval=3382766105 TSecr=0 WS=128"
"277","72.574696","192.168.48.133","192.168.48.1","TCP","443","66","0x0012","19750","28","1.287077000","443  >  19750 [SYN, ACK] Seq=0 Ack=1 Win=64240 Len=0 MSS=1460 SACK_PERM WS=128"
"278","72.575113","192.168.48.133","192.168.48.1","TCP","443","66","0x0012","19751","29","0.000417000","443  >  19751 [SYN, ACK] Seq=0 Ack=1 Win=64240 Len=0 MSS=1460 SACK_PERM WS=128"
"279","72.575533","192.168.48.133","192.168.48.1","TCP","443","60","0x0010","19750","28","0.000420000","443  >  19750 [ACK] Seq=1 Ack=1734 Win=63488 Len=0"
"280","72.576285","192.168.48.133","192.168.48.1","TCP","443","60","0x0010","19751","29","0.000752000","443  >  19751 [ACK] Seq=1 Ack=1734 Win=63488 Len=0"
"281","72.576946","192.168.48.133","192.168.48.1","TLSv1.3","443","1342","0x0018","19750","28","0.000661000","Server Hello, Change Cipher Spec, Application Data, Application Data, Application Data, Application Data"
"282","72.577437","192.168.48.133","192.168.48.1","TCP","443","60","0x0010","19750","28","0.000491000","443  >  19750 [ACK] Seq=1289 Ack=1764 Win=64128 Len=0"
"283","72.578268","192.168.48.133","192.168.48.1","TLSv1.3","443","1342","0x0018","19751","29","0.000831000","Server Hello, Change Cipher Spec, Application Data, Application Data, Application Data, Application Data"
"284","72.578419","192.168.48.133","192.168.48.1","TCP","443","60","0x0011","19750","28","0.000151000","443  >  19750 [FIN, ACK] Seq=1289 Ack=1765 Win=64128 Len=0"
"285","72.578872","192.168.48.133","192.168.48.1","TCP","443","60","0x0010","19751","29","0.000453000","443  >  19751 [ACK] Seq=1289 Ack=1764 Win=64128 Len=0"
"286","72.578981","192.168.48.133","192.168.48.1","TCP","443","60","0x0011","19751","29","0.000109000","443  >  19751 [FIN, ACK] Seq=1289 Ack=1765 Win=64128 Len=0"
"287","73.303478","192.168.48.133","192.168.48.1","TCP","41806","74","0x0002","53","27","0.724497000","[TCP Retransmission] 41806  >  53 [SYN] Seq=0 Win=64240 Len=0 MSS=1460 SACK_PERM TSval=3382768121 TSecr=0 WS=128"
"288","75.083803","192.168.48.130","192.168.48.1","DNS","34094","81","","53","","1.780325000","Standard query 0x8ef4 A 1.debian.pool.ntp.org"
"289","75.083918","192.168.48.130","192.168.48.1","DNS","34094","81","","53","","0.000115000","Standard query 0x0ef6 AAAA 1.debian.pool.ntp.org"
"290","75.263712","VMware_72:69:7d","VMware_c0:00:02","ARP","","60","","","","0.179794000","Who has 192.168.48.1? Tell 192.168.48.130"
"291","77.495142","192.168.48.133","192.168.48.1","TCP","41806","74","0x0002","53","27","2.231430000","[TCP Retransmission] 41806  >  53 [SYN] Seq=0 Win=64240 Len=0 MSS=1460 SACK_PERM TSval=3382772313 TSecr=0 WS=128"
"292","77.558559","192.168.48.133","192.168.48.1","TCP","443","66","0x0012","19752","30","0.063417000","443  >  19752 [SYN, ACK] Seq=0 Ack=1 Win=64240 Len=0 MSS=1460 SACK_PERM WS=128"
"293","77.558733","192.168.48.133","192.168.48.1","TCP","443","66","0x0012","19753","31","0.000174000","443  >  19753 [SYN, ACK] Seq=0 Ack=1 Win=64240 Len=0 MSS=1460 SACK_PERM WS=128"
"294","77.559680","192.168.48.133","192.168.48.1","TCP","443","60","0x0010","19752","30","0.000947000","443  >  19752 [ACK] Seq=1 Ack=1702 Win=63488 Len=0"
"295","77.561203","192.168.48.133","192.168.48.1","TLSv1.3","443","1342","0x0018","19752","30","0.001523000","Server Hello, Change Cipher Spec, Application Data, Application Data, Application Data, Application Data"
"296","77.561362","192.168.48.133","192.168.48.1","TCP","443","60","0x0010","19753","31","0.000159000","443  >  19753 [ACK] Seq=1 Ack=1766 Win=63488 Len=0"
"297","77.561668","192.168.48.133","192.168.48.1","TCP","443","60","0x0010","19752","30","0.000306000","443  >  19752 [ACK] Seq=1289 Ack=1732 Win=64128 Len=0"
"298","77.562858","192.168.48.133","192.168.48.1","TLSv1.3","443","1342","0x0018","19753","31","0.001190000","Server Hello, Change Cipher Spec, Application Data, Application Data, Application Data, Application Data"
"299","77.563028","192.168.48.133","192.168.48.1","TCP","443","60","0x0011","19752","30","0.000170000","443  >  19752 [FIN, ACK] Seq=1289 Ack=1733 Win=64128 Len=0"
"300","77.563488","192.168.48.133","192.168.48.1","TCP","443","60","0x0010","19753","31","0.000460000","443  >  19753 [ACK] Seq=1289 Ack=1796 Win=64128 Len=0"
"301","77.563578","192.168.48.133","192.168.48.1","TCP","443","60","0x0011","19753","31","0.000090000","443  >  19753 [FIN, ACK] Seq=1289 Ack=1797 Win=64128 Len=0"
"302","77.816330","192.168.73.128","192.168.73.1","UDP","20000","494","","10000","","0.252752000","20000  >  10000 Len=452"
"303","77.818641","192.168.73.128","192.168.73.1","UDP","20000","494","","10000","","0.002311000","20000  >  10000 Len=452"
"304","77.823209","192.168.73.128","192.168.73.1","UDP","20001","494","","10001","","0.004568000","20001  >  10001 Len=452"
"305","77.825464","192.168.73.128","192.168.73.1","UDP","20000","494","","10000","","0.002255000","20000  >  10000 Len=452"
"306","77.830467","192.168.73.128","192.168.73.1","UDP","20001","494","","10001","","0.005003000","20001  >  10001 Len=452"
"307","77.832740","192.168.73.128","192.168.73.1","UDP","20000","536","","10000","","0.002273000","20000  >  10000 Len=494"
"308","77.837638","192.168.73.128","192.168.73.1","UDP","20001","312","","10001","","0.004898000","20001  >  10001 Len=270"
"309","77.839890","192.168.73.128","192.168.73.1","UDP","20000","312","","10000","","0.002252000","20000  >  10000 Len=270"
"310","77.844790","192.168.73.128","192.168.73.1","UDP","20001","312","","10001","","0.004900000","20001  >  10001 Len=270"
"311","77.847005","192.168.73.128","192.168.73.1","UDP","20000","312","","10000","","0.002215000","20000  >  10000 Len=270"
"312","77.853270","192.168.73.128","192.168.73.1","UDP","20001","312","","10001","","0.006265000","20001  >  10001 Len=270"
"313","77.855439","192.168.73.128","192.168.73.1","UDP","20000","312","","10000","","0.002169000","20000  >  10000 Len=270"
"314","77.860074","192.168.73.128","192.168.73.1","UDP","20001","312","","10001","","0.004635000","20001  >  10001 Len=270"
"315","77.862572","192.168.73.128","192.168.73.1","UDP","20000","312","","10000","","0.002498000","20000  >  10000 Len=270"
"316","77.867205","192.168.73.128","192.168.73.1","UDP","20001","312","","10001","","0.004633000","20001  >  10001 Len=270"
"317","77.869481","192.168.73.128","192.168.73.1","UDP","20000","312","","10000","","0.002276000","20000  >  10000 Len=270"
"318","77.874464","192.168.73.128","192.168.73.1","UDP","20001","312","","10001","","0.004983000","20001  >  10001 Len=270"
"319","77.876793","192.168.73.128","192.168.73.1","UDP","20000","351","","10000","","0.002329000","20000  >  10000 Len=309"
"320","77.881678","192.168.73.128","192.168.73.1","UDP","20001","351","","10001","","0.004885000","20001  >  10001 Len=309"
"321","77.884022","192.168.73.128","192.168.73.1","UDP","20000","536","","10000","","0.002344000","20000  >  10000 Len=494"
"322","79.092241","0c:83:56:9e:00:01","Nearest-Customer-Bridge","STP","","60","","","","1.208219000","Conf. Root = 32768/1/0c:83:56:9e:00:00  Cost = 0  Port = 0x8002"
"323","79.096664","192.168.73.128","192.168.73.1","UDP","20001","519","","10001","","0.004423000","20001  >  10001 Len=477"
"324","80.089341","192.168.48.130","192.168.48.1","DNS","34094","81","","53","","0.992677000","Standard query 0x8ef4 A 1.debian.pool.ntp.org"
"325","80.089440","192.168.48.130","192.168.48.1","DNS","34094","81","","53","","0.000099000","Standard query 0x0ef6 AAAA 1.debian.pool.ntp.org"
"326","80.276268","192.168.48.133","192.168.48.1","TCP","51878","74","0x0002","53","32","0.186828000","51878  >  53 [SYN] Seq=0 Win=64240 Len=0 MSS=1460 SACK_PERM TSval=3382775094 TSecr=0 WS=128"
"327","80.879576","192.168.73.128","192.168.73.1","UDP","20001","729","","10001","","0.603308000","20001  >  10001 Len=687"
"328","81.303517","192.168.48.133","192.168.48.1","TCP","51878","74","0x0002","53","32","0.423941000","[TCP Retransmission] 51878  >  53 [SYN] Seq=0 Win=64240 Len=0 MSS=1460 SACK_PERM TSval=3382776121 TSecr=0 WS=128"
"329","81.744696","192.168.48.128","192.168.48.1","TCP","53138","78","0x0002","53","33","0.441179000","53138  >  53 [SYN] Seq=0 Win=64240 Len=0 MSS=1460 SACK_PERM TSval=2104566946 TSecr=0 WS=128 TFO=R"
"330","82.765792","192.168.48.128","192.168.48.1","TCP","53138","74","0x0002","53","33","1.021096000","[TCP Retransmission] 53138  >  53 [SYN] Seq=0 Win=64240 Len=0 MSS=1460 SACK_PERM TSval=2104567967 TSecr=0 WS=128"
"331","83.317576","192.168.48.133","192.168.48.1","TCP","443","66","0x0012","19754","34","0.551784000","443  >  19754 [SYN, ACK] Seq=0 Ack=1 Win=64240 Len=0 MSS=1460 SACK_PERM WS=128"
"332","83.318181","192.168.48.133","192.168.48.1","TCP","443","60","0x0010","19754","34","0.000605000","443  >  19754 [ACK] Seq=1 Ack=1734 Win=63488 Len=0"
"333","83.319539","192.168.48.133","192.168.48.1","TLSv1.3","443","1342","0x0018","19754","34","0.001358000","Server Hello, Change Cipher Spec, Application Data, Application Data, Application Data, Application Data"
"334","83.319623","192.168.48.133","192.168.48.1","TCP","51878","74","0x0002","53","32","0.000084000","[TCP Retransmission] 51878  >  53 [SYN] Seq=0 Win=64240 Len=0 MSS=1460 SACK_PERM TSval=3382778137 TSecr=0 WS=128"
"335","83.319947","192.168.48.133","192.168.48.1","TCP","443","60","0x0010","19754","34","0.000324000","443  >  19754 [ACK] Seq=1289 Ack=1764 Win=64128 Len=0"
"336","83.320062","192.168.48.133","192.168.48.1","TCP","443","60","0x0011","19754","34","0.000115000","443  >  19754 [FIN, ACK] Seq=1289 Ack=1765 Win=64128 Len=0"
"337","83.321152","192.168.48.133","192.168.48.1","TCP","443","66","0x0012","19755","35","0.001090000","443  >  19755 [SYN, ACK] Seq=0 Ack=1 Win=64240 Len=0 MSS=1460 SACK_PERM WS=128"
"338","83.321263","192.168.48.133","192.168.48.1","TCP","443","66","0x0012","19756","36","0.000111000","443  >  19756 [SYN, ACK] Seq=0 Ack=1 Win=64240 Len=0 MSS=1460 SACK_PERM WS=128"
"339","83.322017","192.168.48.133","192.168.48.1","TCP","443","60","0x0010","19755","35","0.000754000","443  >  19755 [ACK] Seq=1 Ack=1702 Win=63488 Len=0"
"340","83.322500","192.168.48.133","192.168.48.1","TCP","443","60","0x0010","19756","36","0.000483000","443  >  19756 [ACK] Seq=1 Ack=1798 Win=63488 Len=0"
"341","83.323885","192.168.48.133","192.168.48.1","TLSv1.3","443","1342","0x0018","19756","36","0.001385000","Server Hello, Change Cipher Spec, Application Data, Application Data, Application Data, Application Data"
"342","83.324869","192.168.48.133","192.168.48.1","TLSv1.3","443","1342","0x0018","19755","35","0.000984000","Server Hello, Change Cipher Spec, Application Data, Application Data, Application Data, Application Data"
"343","83.325418","192.168.48.133","192.168.48.1","TCP","443","60","0x0010","19756","36","0.000549000","443  >  19756 [ACK] Seq=1289 Ack=1828 Win=64128 Len=0"
"344","83.325492","192.168.48.133","192.168.48.1","TCP","443","60","0x0010","19755","35","0.000074000","443  >  19755 [ACK] Seq=1289 Ack=1732 Win=64128 Len=0"
"345","83.325665","192.168.48.133","192.168.48.1","TCP","443","60","0x0011","19756","36","0.000173000","443  >  19756 [FIN, ACK] Seq=1289 Ack=1829 Win=64128 Len=0"
"346","83.325767","192.168.48.133","192.168.48.1","TCP","443","60","0x0011","19755","35","0.000102000","443  >  19755 [FIN, ACK] Seq=1289 Ack=1733 Win=64128 Len=0"
"347","84.782637","192.168.48.128","192.168.48.1","TCP","53138","74","0x0002","53","33","1.456870000","[TCP Retransmission] 53138  >  53 [SYN] Seq=0 Win=64240 Len=0 MSS=1460 SACK_PERM TSval=2104569983 TSecr=0 WS=128"
"348","85.094475","192.168.48.130","192.168.48.1","DNS","60292","93","","53","","0.311838000","Standard query 0xd70c A 1.debian.pool.ntp.org.localdomain"
"349","85.094600","192.168.48.130","192.168.48.1","DNS","60292","93","","53","","0.000125000","Standard query 0xb770 AAAA 1.debian.pool.ntp.org.localdomain"
"350","87.479482","192.168.48.133","192.168.48.1","TCP","51878","74","0x0002","53","32","2.384882000","[TCP Retransmission] 51878  >  53 [SYN] Seq=0 Win=64240 Len=0 MSS=1460 SACK_PERM TSval=3382782297 TSecr=0 WS=128"
"351","88.816400","192.168.48.128","192.168.48.1","TCP","53138","74","0x0002","53","33","1.336918000","[TCP Retransmission] 53138  >  53 [SYN] Seq=0 Win=64240 Len=0 MSS=1460 SACK_PERM TSval=2104574015 TSecr=0 WS=128"
"352","90.100203","192.168.48.130","192.168.48.1","DNS","60292","93","","53","","1.283803000","Standard query 0xd70c A 1.debian.pool.ntp.org.localdomain"
"353","90.100374","192.168.48.130","192.168.48.1","DNS","60292","93","","53","","0.000171000","Standard query 0xb770 AAAA 1.debian.pool.ntp.org.localdomain"
"354","90.286954","192.168.48.133","192.168.48.1","TCP","37992","74","0x0002","53","37","0.186580000","37992  >  53 [SYN] Seq=0 Win=64240 Len=0 MSS=1460 SACK_PERM TSval=3382785105 TSecr=0 WS=128"
"355","91.319232","192.168.48.133","192.168.48.1","TCP","37992","74","0x0002","53","37","1.032278000","[TCP Retransmission] 37992  >  53 [SYN] Seq=0 Win=64240 Len=0 MSS=1460 SACK_PERM TSval=3382786137 TSecr=0 WS=128"
"356","91.906881","192.168.48.133","192.168.48.1","TCP","443","66","0x0012","19757","38","0.587649000","443  >  19757 [SYN, ACK] Seq=0 Ack=1 Win=64240 Len=0 MSS=1460 SACK_PERM WS=128"
"357","91.907089","192.168.48.133","192.168.48.1","TCP","443","66","0x0012","19758","39","0.000208000","443  >  19758 [SYN, ACK] Seq=0 Ack=1 Win=64240 Len=0 MSS=1460 SACK_PERM WS=128"
"358","91.907514","192.168.48.133","192.168.48.1","TCP","443","60","0x0010","19757","38","0.000425000","443  >  19757 [ACK] Seq=1 Ack=1702 Win=63488 Len=0"
"359","91.908866","192.168.48.133","192.168.48.1","TLSv1.3","443","1342","0x0018","19757","38","0.001352000","Server Hello, Change Cipher Spec, Application Data, Application Data, Application Data, Application Data"
"360","91.908950","192.168.48.133","192.168.48.1","TCP","443","60","0x0010","19758","39","0.000084000","443  >  19758 [ACK] Seq=1 Ack=1734 Win=63488 Len=0"
"361","91.909765","192.168.48.133","192.168.48.1","TCP","443","60","0x0010","19757","38","0.000815000","443  >  19757 [ACK] Seq=1289 Ack=1732 Win=64128 Len=0"
"362","91.910290","192.168.48.133","192.168.48.1","TLSv1.3","443","1342","0x0018","19758","39","0.000525000","Server Hello, Change Cipher Spec, Application Data, Application Data, Application Data, Application Data"
"363","91.910396","192.168.48.133","192.168.48.1","TCP","443","60","0x0011","19757","38","0.000106000","443  >  19757 [FIN, ACK] Seq=1289 Ack=1733 Win=64128 Len=0"
"364","91.911377","192.168.48.133","192.168.48.1","TCP","443","60","0x0010","19758","39","0.000981000","443  >  19758 [ACK] Seq=1289 Ack=1764 Win=64128 Len=0"
"365","91.911487","192.168.48.133","192.168.48.1","TCP","443","60","0x0011","19758","39","0.000110000","443  >  19758 [FIN, ACK] Seq=1289 Ack=1765 Win=64128 Len=0"
"366","93.335068","192.168.48.133","192.168.48.1","TCP","37992","74","0x0002","53","37","1.423581000","[TCP Retransmission] 37992  >  53 [SYN] Seq=0 Win=64240 Len=0 MSS=1460 SACK_PERM TSval=3382788153 TSecr=0 WS=128"
"367","93.527791","192.168.73.128","192.168.73.1","UDP","20001","284","","10001","","0.192723000","20001  >  10001 Len=242"
"368","93.530060","192.168.73.128","192.168.73.1","UDP","20000","284","","10000","","0.002269000","20000  >  10000 Len=242"
"369","93.535443","192.168.73.128","192.168.73.1","UDP","20000","284","","10000","","0.005383000","20000  >  10000 Len=242"
"370","93.537552","192.168.73.128","192.168.73.1","UDP","20000","284","","10000","","0.002109000","20000  >  10000 Len=242"
"371","93.542229","192.168.73.128","192.168.73.1","UDP","20001","284","","10001","","0.004677000","20001  >  10001 Len=242"
"372","93.544558","192.168.73.128","192.168.73.1","UDP","20000","284","","10000","","0.002329000","20000  >  10000 Len=242"
"373","93.551353","192.168.73.128","192.168.73.1","UDP","20001","284","","10001","","0.006795000","20001  >  10001 Len=242"
"374","93.553449","192.168.73.128","192.168.73.1","UDP","20001","284","","10001","","0.002096000","20001  >  10001 Len=242"
"375","93.558477","192.168.73.128","192.168.73.1","UDP","20000","284","","10000","","0.005028000","20000  >  10000 Len=242"
"376","93.560872","192.168.73.128","192.168.73.1","UDP","20000","284","","10000","","0.002395000","20000  >  10000 Len=242"
"377","93.565524","192.168.73.128","192.168.73.1","UDP","20001","284","","10001","","0.004652000","20001  >  10001 Len=242"
"378","93.568087","192.168.73.128","192.168.73.1","UDP","20001","284","","10001","","0.002563000","20001  >  10001 Len=242"
"379","93.572726","192.168.73.128","192.168.73.1","UDP","20000","284","","10000","","0.004639000","20000  >  10000 Len=242"
"380","94.421733","0c:83:56:9e:00:01","Nearest-Customer-Bridge","STP","","60","","","","0.849007000","Conf. Root = 32768/1/0c:83:56:9e:00:00  Cost = 0  Port = 0x8002"
"381","94.424971","192.168.73.128","192.168.73.1","UDP","20001","690","","10001","","0.003238000","20001  >  10001 Len=648"
"382","95.104418","192.168.48.130","192.168.48.1","DNS","49683","81","","53","","0.679447000","Standard query 0x7e74 A 2.debian.pool.ntp.org"
"383","95.104522","192.168.48.130","192.168.48.1","DNS","49683","81","","53","","0.000104000","Standard query 0xe772 AAAA 2.debian.pool.ntp.org"
"384","97.463818","192.168.48.133","192.168.48.1","TCP","37992","74","0x0002","53","37","2.359296000","[TCP Retransmission] 37992  >  53 [SYN] Seq=0 Win=64240 Len=0 MSS=1460 SACK_PERM TSval=3382792281 TSecr=0 WS=128"
"385","99.445101","192.168.48.133","192.168.48.1","TCP","443","66","0x0012","19762","40","1.981283000","443  >  19762 [SYN, ACK] Seq=0 Ack=1 Win=64240 Len=0 MSS=1460 SACK_PERM WS=128"
"386","99.445755","192.168.48.133","192.168.48.1","TCP","443","60","0x0010","19762","40","0.000654000","443  >  19762 [ACK] Seq=1 Ack=1702 Win=63488 Len=0"
"387","99.447302","192.168.48.133","192.168.48.1","TLSv1.3","443","1342","0x0018","19762","40","0.001547000","Server Hello, Change Cipher Spec, Application Data, Application Data, Application Data, Application Data"
"388","99.447871","192.168.48.133","192.168.48.1","TCP","443","60","0x0010","19762","40","0.000569000","443  >  19762 [ACK] Seq=1289 Ack=1732 Win=64128 Len=0"
"389","99.447993","192.168.48.133","192.168.48.1","TCP","443","60","0x0011","19762","40","0.000122000","443  >  19762 [FIN, ACK] Seq=1289 Ack=1733 Win=64128 Len=0"
"390","99.448252","192.168.48.133","192.168.48.1","TCP","443","66","0x0012","19763","41","0.000259000","443  >  19763 [SYN, ACK] Seq=0 Ack=1 Win=64240 Len=0 MSS=1460 SACK_PERM WS=128"
"391","99.448431","192.168.48.133","192.168.48.1","TCP","443","66","0x0012","19764","42","0.000179000","443  >  19764 [SYN, ACK] Seq=0 Ack=1 Win=64240 Len=0 MSS=1460 SACK_PERM WS=128"
"392","99.448895","192.168.48.133","192.168.48.1","TCP","443","60","0x0010","19763","41","0.000464000","443  >  19763 [ACK] Seq=1 Ack=1734 Win=63488 Len=0"
"393","99.449237","192.168.48.133","192.168.48.1","TCP","443","60","0x0010","19764","42","0.000342000","443  >  19764 [ACK] Seq=1 Ack=1766 Win=63488 Len=0"
"394","99.450406","192.168.48.133","192.168.48.1","TLSv1.3","443","1342","0x0018","19763","41","0.001169000","Server Hello, Change Cipher Spec, Application Data, Application Data, Application Data, Application Data"
"395","99.451918","192.168.48.133","192.168.48.1","TLSv1.3","443","1342","0x0018","19764","42","0.001512000","Server Hello, Change Cipher Spec, Application Data, Application Data, Application Data, Application Data"
"396","99.452398","192.168.48.133","192.168.48.1","TCP","443","60","0x0010","19764","42","0.000480000","443  >  19764 [ACK] Seq=1289 Ack=1796 Win=64128 Len=0"
"397","99.452557","192.168.48.133","192.168.48.1","TCP","443","60","0x0011","19764","42","0.000159000","443  >  19764 [FIN, ACK] Seq=1289 Ack=1797 Win=64128 Len=0"
"398","99.452640","192.168.48.133","192.168.48.1","TCP","443","60","0x0010","19763","41","0.000083000","443  >  19763 [ACK] Seq=1289 Ack=1764 Win=64128 Len=0"
"399","99.452815","192.168.48.133","192.168.48.1","TCP","443","60","0x0011","19763","41","0.000175000","443  >  19763 [FIN, ACK] Seq=1289 Ack=1765 Win=64128 Len=0"
"400","100.109770","192.168.48.130","192.168.48.1","DNS","49683","81","","53","","0.656955000","Standard query 0x7e74 A 2.debian.pool.ntp.org"
"401","100.109954","192.168.48.130","192.168.48.1","DNS","49683","81","","53","","0.000184000","Standard query 0xe772 AAAA 2.debian.pool.ntp.org"
"402","100.296163","192.168.48.133","192.168.48.1","TCP","57058","74","0x0002","53","43","0.186209000","57058  >  53 [SYN] Seq=0 Win=64240 Len=0 MSS=1460 SACK_PERM TSval=3382795114 TSecr=0 WS=128"
"403","100.351736","VMware_72:69:7d","VMware_c0:00:02","ARP","","60","","","","0.055573000","Who has 192.168.48.1? Tell 192.168.48.130"
"404","101.047010","192.168.48.133","192.168.48.1","TCP","80","66","0x0012","19748","26","0.695274000","[TCP Retransmission] 80  >  19748 [SYN, ACK] Seq=0 Ack=1 Win=64240 Len=0 MSS=1460 SACK_PERM WS=128"
"405","101.303007","192.168.48.133","192.168.48.1","TCP","57058","74","0x0002","53","43","0.255997000","[TCP Retransmission] 57058  >  53 [SYN] Seq=0 Win=64240 Len=0 MSS=1460 SACK_PERM TSval=3382796121 TSecr=0 WS=128"
"406","103.318828","192.168.48.133","192.168.48.1","TCP","57058","74","0x0002","53","43","2.015821000","[TCP Retransmission] 57058  >  53 [SYN] Seq=0 Win=64240 Len=0 MSS=1460 SACK_PERM TSval=3382798137 TSecr=0 WS=128"
"407","105.115604","192.168.48.130","192.168.48.1","DNS","36634","93","","53","","1.796776000","Standard query 0x5d58 A 2.debian.pool.ntp.org.localdomain"
"408","105.115782","192.168.48.130","192.168.48.1","DNS","36634","93","","53","","0.000178000","Standard query 0x0c46 AAAA 2.debian.pool.ntp.org.localdomain"
"409","106.359549","192.168.48.133","192.168.48.1","TCP","443","66","0x0012","19766","44","1.243767000","443  >  19766 [SYN, ACK] Seq=0 Ack=1 Win=64240 Len=0 MSS=1460 SACK_PERM WS=128"
"410","106.360162","192.168.48.133","192.168.48.1","TCP","443","66","0x0012","19767","45","0.000613000","443  >  19767 [SYN, ACK] Seq=0 Ack=1 Win=64240 Len=0 MSS=1460 SACK_PERM WS=128"
"411","106.360421","192.168.48.133","192.168.48.1","TCP","443","60","0x0010","19766","44","0.000259000","443  >  19766 [ACK] Seq=1 Ack=1702 Win=63488 Len=0"
"412","106.362602","192.168.48.133","192.168.48.1","TLSv1.3","443","1342","0x0018","19766","44","0.002181000","Server Hello, Change Cipher Spec, Application Data, Application Data, Application Data, Application Data"
"413","106.362748","192.168.48.133","192.168.48.1","TCP","443","60","0x0010","19767","45","0.000146000","443  >  19767 [ACK] Seq=1 Ack=1766 Win=63488 Len=0"
"414","106.364129","192.168.48.133","192.168.48.1","TLSv1.3","443","1342","0x0018","19767","45","0.001381000","Server Hello, Change Cipher Spec, Application Data, Application Data, Application Data, Application Data"
"415","106.364645","192.168.48.133","192.168.48.1","TCP","443","60","0x0010","19767","45","0.000516000","443  >  19767 [ACK] Seq=1289 Ack=1796 Win=64128 Len=0"
"416","106.364789","192.168.48.133","192.168.48.1","TCP","443","60","0x0011","19767","45","0.000144000","443  >  19767 [FIN, ACK] Seq=1289 Ack=1796 Win=64128 Len=0"
"417","106.364871","192.168.48.133","192.168.48.1","TCP","443","60","0x0010","19766","44","0.000082000","443  >  19766 [ACK] Seq=1289 Ack=1732 Win=64128 Len=0"
"418","106.365008","192.168.48.133","192.168.48.1","TCP","443","60","0x0010","19767","45","0.000137000","443  >  19767 [ACK] Seq=1290 Ack=1797 Win=64128 Len=0"
"419","106.368593","192.168.48.133","192.168.48.1","TCP","443","60","0x0011","19766","44","0.003585000","443  >  19766 [FIN, ACK] Seq=1289 Ack=1733 Win=64128 Len=0"
"420","107.447517","192.168.48.133","192.168.48.1","TCP","57058","74","0x0002","53","43","1.078924000","[TCP Retransmission] 57058  >  53 [SYN] Seq=0 Win=64240 Len=0 MSS=1460 SACK_PERM TSval=3382802265 TSecr=0 WS=128"
"421","110.120193","192.168.48.130","192.168.48.1","DNS","36634","93","","53","","2.672676000","Standard query 0x5d58 A 2.debian.pool.ntp.org.localdomain"
"422","110.120320","192.168.48.130","192.168.48.1","DNS","36634","93","","53","","0.000127000","Standard query 0x0c46 AAAA 2.debian.pool.ntp.org.localdomain"
"423","110.303964","192.168.48.133","192.168.48.1","TCP","38432","74","0x0002","53","46","0.183644000","38432  >  53 [SYN] Seq=0 Win=64240 Len=0 MSS=1460 SACK_PERM TSval=3382805122 TSecr=0 WS=128"
"424","111.003908","192.168.73.128","192.168.73.1","UDP","20000","622","","10000","","0.699944000","20000  >  10000 Len=580"
"425","111.006492","192.168.73.128","192.168.73.1","UDP","20001","622","","10001","","0.002584000","20001  >  10001 Len=580"
"426","111.011394","192.168.73.128","192.168.73.1","UDP","20001","622","","10001","","0.004902000","20001  >  10001 Len=580"
"427","111.013751","192.168.73.128","192.168.73.1","UDP","20000","622","","10000","","0.002357000","20000  >  10000 Len=580"
"428","111.018699","192.168.73.128","192.168.73.1","UDP","20001","622","","10001","","0.004948000","20001  >  10001 Len=580"
"429","111.021015","192.168.73.128","192.168.73.1","UDP","20000","622","","10000","","0.002316000","20000  >  10000 Len=580"
"430","111.025786","192.168.73.128","192.168.73.1","UDP","20001","351","","10001","","0.004771000","20001  >  10001 Len=309"
"431","111.028138","192.168.73.128","192.168.73.1","UDP","20000","351","","10000","","0.002352000","20000  >  10000 Len=309"
"432","111.034604","192.168.73.128","192.168.73.1","UDP","20000","351","","10000","","0.006466000","20000  >  10000 Len=309"
"433","111.036953","192.168.73.128","192.168.73.1","UDP","20001","351","","10001","","0.002349000","20001  >  10001 Len=309"
"434","111.041776","192.168.73.128","192.168.73.1","UDP","20000","351","","10000","","0.004823000","20000  >  10000 Len=309"
"435","111.044139","192.168.73.128","192.168.73.1","UDP","20001","351","","10001","","0.002363000","20001  >  10001 Len=309"
"436","111.049055","192.168.73.128","192.168.73.1","UDP","20001","351","","10001","","0.004916000","20001  >  10001 Len=309"
"437","111.051589","192.168.73.128","192.168.73.1","UDP","20000","351","","10000","","0.002534000","20000  >  10000 Len=309"
"438","111.054850","192.168.73.128","192.168.73.1","UDP","20001","351","","10001","","0.003261000","20001  >  10001 Len=309"
"439","111.058560","192.168.73.128","192.168.73.1","UDP","20000","351","","10000","","0.003710000","20000  >  10000 Len=309"
"440","111.063886","192.168.73.128","192.168.73.1","UDP","20000","351","","10000","","0.005326000","20000  >  10000 Len=309"
"441","111.300374","0c:83:56:9e:00:01","Nearest-Customer-Bridge","STP","","60","","","","0.236488000","Conf. Root = 32768/1/0c:83:56:9e:00:00  Cost = 0  Port = 0x8002"
"442","111.304020","192.168.73.128","192.168.73.1","UDP","20000","375","","10000","","0.003646000","20000  >  10000 Len=333"
"443","111.318820","192.168.48.133","192.168.48.1","TCP","38432","74","0x0002","53","46","0.014800000","[TCP Retransmission] 38432  >  53 [SYN] Seq=0 Win=64240 Len=0 MSS=1460 SACK_PERM TSval=3382806137 TSecr=0 WS=128"
"444","111.606007","192.168.73.128","192.168.73.1","UDP","20000","660","","10000","","0.287187000","20000  >  10000 Len=618"
"445","111.608405","192.168.73.128","192.168.73.1","UDP","20001","660","","10001","","0.002398000","20001  >  10001 Len=618"
"446","113.334984","192.168.48.133","192.168.48.1","TCP","38432","74","0x0002","53","46","1.726579000","[TCP Retransmission] 38432  >  53 [SYN] Seq=0 Win=64240 Len=0 MSS=1460 SACK_PERM TSval=3382808153 TSecr=0 WS=128"
"447","114.632669","192.168.48.133","192.168.48.1","TCP","80","66","0x0010","19748","26","1.297685000","[TCP Dup ACK 265#1] 80  >  19748 [ACK] Seq=1 Ack=1 Win=64256 Len=0 SLE=0 SRE=1"
"448","115.126725","192.168.48.130","192.168.48.1","DNS","36052","81","","53","","0.494056000","Standard query 0xd168 A 3.debian.pool.ntp.org"
"449","115.126891","192.168.48.130","192.168.48.1","DNS","36052","81","","53","","0.000166000","Standard query 0xfc6c AAAA 3.debian.pool.ntp.org"
"450","117.430924","192.168.48.133","192.168.48.1","TCP","38432","74","0x0002","53","46","2.304033000","[TCP Retransmission] 38432  >  53 [SYN] Seq=0 Win=64240 Len=0 MSS=1460 SACK_PERM TSval=3382812249 TSecr=0 WS=128"
"451","117.932671","0c:83:56:9e:00:01","CDP/VTP/DTP/PAgP/UDLD","CDP","","357","","","","0.501747000","Device ID: Switch  Port ID: GigabitEthernet0/1  "
"452","117.937521","192.168.73.128","192.168.73.1","UDP","20001","438","","10001","","0.004850000","20001  >  10001 Len=396"
"453","117.939799","192.168.73.128","192.168.73.1","UDP","20000","438","","10000","","0.002278000","20000  >  10000 Len=396"
"454","117.944979","192.168.73.128","192.168.73.1","UDP","20001","438","","10001","","0.005180000","20001  >  10001 Len=396"
"455","117.947451","192.168.73.128","192.168.73.1","UDP","20000","551","","10000","","0.002472000","20000  >  10000 Len=509"
"456","117.952661","192.168.73.128","192.168.73.1","UDP","20001","551","","10001","","0.005210000","20001  >  10001 Len=509"
"457","117.955039","192.168.73.128","192.168.73.1","UDP","20000","225","","10000","","0.002378000","20000  >  10000 Len=183"
"458","117.959994","192.168.73.128","192.168.73.1","UDP","20001","225","","10001","","0.004955000","20001  >  10001 Len=183"
"459","118.544889","192.168.48.132","192.168.48.1","DNS","59592","76","","53","","0.584895000","Standard query 0x69f0 A wpad.localdomain"
"460","118.670462","192.168.48.133","192.168.48.1","TCP","443","66","0x0012","19768","47","0.125573000","443  >  19768 [SYN, ACK] Seq=0 Ack=1 Win=64240 Len=0 MSS=1460 SACK_PERM WS=128"
"461","118.670732","192.168.48.133","192.168.48.1","TCP","443","66","0x0012","19769","48","0.000270000","443  >  19769 [SYN, ACK] Seq=0 Ack=1 Win=64240 Len=0 MSS=1460 SACK_PERM WS=128"
"462","118.671811","192.168.48.133","192.168.48.1","TCP","443","60","0x0010","19768","47","0.001079000","443  >  19768 [ACK] Seq=1 Ack=1766 Win=63488 Len=0"
"463","118.673100","192.168.48.133","192.168.48.1","TLSv1.3","443","1342","0x0018","19768","47","0.001289000","Server Hello, Change Cipher Spec, Application Data, Application Data, Application Data, Application Data"
"464","118.673207","192.168.48.133","192.168.48.1","TCP","443","60","0x0010","19769","48","0.000107000","443  >  19769 [ACK] Seq=1 Ack=1702 Win=63488 Len=0"
"465","118.674344","192.168.48.133","192.168.48.1","TLSv1.3","443","1342","0x0018","19769","48","0.001137000","Server Hello, Change Cipher Spec, Application Data, Application Data, Application Data, Application Data"
"466","118.674835","192.168.48.133","192.168.48.1","TCP","443","60","0x0010","19768","47","0.000491000","443  >  19768 [ACK] Seq=1289 Ack=1796 Win=64128 Len=0"
"467","118.674964","192.168.48.133","192.168.48.1","TCP","443","60","0x0011","19768","47","0.000129000","443  >  19768 [FIN, ACK] Seq=1289 Ack=1796 Win=64128 Len=0"
"468","118.675039","192.168.48.133","192.168.48.1","TCP","443","60","0x0010","19769","48","0.000075000","443  >  19769 [ACK] Seq=1289 Ack=1732 Win=64128 Len=0"
"469","118.675200","192.168.48.133","192.168.48.1","TCP","443","60","0x0011","19769","48","0.000161000","443  >  19769 [FIN, ACK] Seq=1289 Ack=1733 Win=64128 Len=0"
"470","118.675283","192.168.48.133","192.168.48.1","TCP","443","60","0x0010","19768","47","0.000083000","443  >  19768 [ACK] Seq=1290 Ack=1797 Win=64128 Len=0"
"471","119.635083","192.168.48.132","192.168.48.1","DNS","59592","76","","53","","0.959800000","Standard query 0x69f0 A wpad.localdomain"
"472","119.976966","192.168.48.132","192.168.48.1","DNS","51521","76","","53","","0.341883000","Standard query 0xb361 A fs.microsoft.com"
"473","120.128153","192.168.48.130","192.168.48.1","DNS","36052","81","","53","","0.151187000","Standard query 0xd168 A 3.debian.pool.ntp.org"
"474","120.128271","192.168.48.130","192.168.48.1","DNS","36052","81","","53","","0.000118000","Standard query 0xfc6c AAAA 3.debian.pool.ntp.org"
"475","120.314286","192.168.48.133","192.168.48.1","TCP","59610","74","0x0002","53","49","0.186015000","59610  >  53 [SYN] Seq=0 Win=64240 Len=0 MSS=1460 SACK_PERM TSval=3382815132 TSecr=0 WS=128"
"476","121.061784","192.168.48.133","192.168.48.1","TCP","80","60","0x0011","19748","26","0.747498000","80  >  19748 [FIN, ACK] Seq=1 Ack=1 Win=64256 Len=0"
"477","121.067417","192.168.48.132","192.168.48.1","DNS","51521","76","","53","","0.005633000","Standard query 0xb361 A fs.microsoft.com"
"478","121.334563","192.168.48.133","192.168.48.1","TCP","59610","74","0x0002","53","49","0.267146000","[TCP Retransmission] 59610  >  53 [SYN] Seq=0 Win=64240 Len=0 MSS=1460 SACK_PERM TSval=3382816153 TSecr=0 WS=128"
"479","121.717500","192.168.48.132","192.168.48.1","DNS","59592","76","","53","","0.382937000","Standard query 0x69f0 A wpad.localdomain"
"480","122.133810","192.168.48.132","192.168.48.1","DNS","51521","76","","53","","0.416310000","Standard query 0xb361 A fs.microsoft.com"
"481","123.230073","VMware_43:e1:33","VMware_c0:00:02","ARP","","42","","","","1.096263000","Who has 192.168.48.1? Tell 192.168.48.132"
"482","123.350791","192.168.48.133","192.168.48.1","TCP","59610","74","0x0002","53","49","0.120718000","[TCP Retransmission] 59610  >  53 [SYN] Seq=0 Win=64240 Len=0 MSS=1460 SACK_PERM TSval=3382818169 TSecr=0 WS=128"
"483","124.193006","192.168.48.132","192.168.48.1","DNS","51521","76","","53","","0.842215000","Standard query 0xb361 A fs.microsoft.com"
"484","125.133735","192.168.48.130","192.168.48.1","DNS","34824","93","","53","","0.940729000","Standard query 0x6792 A 3.debian.pool.ntp.org.localdomain"
"485","125.133904","192.168.48.130","192.168.48.1","DNS","34824","93","","53","","0.000169000","Standard query 0xe36f AAAA 3.debian.pool.ntp.org.localdomain"
"486","125.183920","VMware_72:69:7d","VMware_c0:00:02","ARP","","60","","","","0.050016000","Who has 192.168.48.1? Tell 192.168.48.130"
"487","126.972349","192.168.73.128","192.168.73.1","UDP","20000","732","","10000","","1.788429000","20000  >  10000 Len=690"
"488","126.974752","192.168.73.128","192.168.73.1","UDP","20000","351","","10000","","0.002403000","20000  >  10000 Len=309"
"489","126.980990","192.168.73.128","192.168.73.1","UDP","20001","351","","10001","","0.006238000","20001  >  10001 Len=309"
"490","126.983355","192.168.73.128","192.168.73.1","UDP","20000","351","","10000","","0.002365000","20000  >  10000 Len=309"
"491","126.988187","192.168.73.128","192.168.73.1","UDP","20001","351","","10001","","0.004832000","20001  >  10001 Len=309"
"492","126.990862","192.168.73.128","192.168.73.1","UDP","20000","351","","10000","","0.002675000","20000  >  10000 Len=309"
"493","126.995656","192.168.73.128","192.168.73.1","UDP","20001","351","","10001","","0.004794000","20001  >  10001 Len=309"
"494","126.997841","192.168.73.128","192.168.73.1","UDP","20000","351","","10000","","0.002185000","20000  >  10000 Len=309"
"495","127.003054","192.168.73.128","192.168.73.1","UDP","20001","351","","10001","","0.005213000","20001  >  10001 Len=309"
"496","127.414765","192.168.48.133","192.168.48.1","TCP","59610","74","0x0002","53","49","0.411711000","[TCP Retransmission] 59610  >  53 [SYN] Seq=0 Win=64240 Len=0 MSS=1460 SACK_PERM TSval=3382822233 TSecr=0 WS=128"
"497","127.718190","0c:83:56:9e:00:01","Nearest-Customer-Bridge","STP","","60","","","","0.303425000","Conf. Root = 32768/1/0c:83:56:9e:00:00  Cost = 0  Port = 0x8002"
"498","127.722874","192.168.73.128","192.168.73.1","UDP","20000","494","","10000","","0.004684000","20000  >  10000 Len=452"
"499","127.889440","192.168.73.128","192.168.73.1","UDP","20001","998","","10001","","0.166566000","20001  >  10001 Len=956"
"500","128.266043","192.168.48.132","192.168.48.1","DNS","51521","76","","53","","0.376603000","Standard query 0xb361 A fs.microsoft.com"
